{
    "atlas": [
        {
            "name": "staminaBar2",
            "uvs": {
                "x": 0.0,
                "y": 0.28125,
                "z": 0.41796875,
                "w": 0.515625
            }
        },
        {
            "name": "energyBar",
            "uvs": {
                "x": 0.0,
                "y": 0.53125,
                "z": 0.44921875,
                "w": 0.75
            }
        },
        {
            "name": "healthBar",
            "uvs": {
                "x": 0.0,
                "y": 0.765625,
                "z": 0.703125,
                "w": 1.0
            }
        }
    ]
}